index,targetGroupName,targetGroupDescription
1,testTGPagination1,pagination test role1
2,testTGPagination2,pagination test role2
3,testTGPagination3,pagination test role3
4,testTGPagination4,pagination test role4
5,testTGPagination5,pagination test role5
6,testTGPagination6,pagination test role6
7,testTGPagination7,pagination test role7
8,testTGPagination8,pagination test role8
9,testTGPagination9,pagination test role9
10,testTGPagination10,pagination test role10
11,testTGPagination11,pagination test role11
12,testTGPagination12,pagination test role12
13,testTGPagination13,pagination test role13
14,testTGPagination14,pagination test role14
15,testTGPagination15,pagination test role15
16,testTGPagination16,pagination test role16
17,testTGPagination17,pagination test role17
18,testTGPagination18,pagination test role18
19,testTGPagination19,pagination test role19
20,testTGPagination20,pagination test role20
21,testTGPagination21,pagination test role21
